{"cameraMode":{"drawMode":0,"name":"Shaded","section":"Shading Mode"},"sceneLighting":false,"audioPlay":false,"sceneViewState":{"m_AlwaysRefresh":false,"showFog":true,"showSkybox":false,"showFlares":true,"showImageEffects":true,"showParticleSystems":true,"showVisualEffectGraphs":true,"m_FxEnabled":true},"in2DMode":false,"pivot":{"x":-20.603893280029298,"y":4.790553092956543,"z":14.006738662719727},"rotation":{"x":-0.002066412940621376,"y":0.5103185176849365,"z":-0.001218588324263692,"w":-0.8600185513496399},"size":26.40140151977539,"orthographic":false}