{"cameraMode":{"drawMode":0,"name":"Shaded","section":"Shading Mode"},"sceneLighting":false,"audioPlay":false,"sceneViewState":{"m_AlwaysRefresh":false,"showFog":true,"showSkybox":false,"showFlares":true,"showImageEffects":true,"showParticleSystems":true,"showVisualEffectGraphs":true,"m_FxEnabled":true},"in2DMode":false,"pivot":{"x":-13.858595848083496,"y":0.9593591690063477,"z":5.165894031524658},"rotation":{"x":-0.002066412940621376,"y":0.5103185176849365,"z":-0.001218588324263692,"w":-0.8600185513496399},"size":7.378536224365234,"orthographic":false}